phraseNo.,phrase,isHateSpeech
1,Hello mr namal ponnaya ponnaya,YES
2,Keri ponnaya,YES
3,ane palayan huththo yannaAmmo huththo ukbe arthika widyawa,YES
4,dan balan idapn ranil rata hadawi danatama uge plans pennala iwari gay ponnaya 🖕🤬,YES
5,Mr namal ponnaya 😡🤬,YES
6,Using Public money to act like a big shot  Doesnt do any manufacturing developments but put the country in more and more debts with useless nonsense amp spending public money wastefully  What a ponnaya is  Complete rejected weak ass with ponna nonsenseYou have 134 votes to elect a ponnaya as a president 🤣🤣🤣Playan Keri ponnaya Iraj 👌👈,YES
7,Neela physics class ponnaya illa 😂🤣,NO
8,kasanawada Im not pirimi pirimi Im not ponnaya 😤😠 know this is your fake account know you are men,YES
9,How in the hell this ponnaya 💩👺 defeated rejected voted out by Srilankan citzens on a General election become a PR of a party that defeated him,YES
10,As per wrong Srilankan education these kind of nonsense occurs world 1st rejected PRKari ponnaya 🍌💦,YES
11,Ane ponnaya umba parata warenko Balaye inna pakayalata puka 🍑 dena wesa balla umba🙄,YES
12,Pala ponnaya No one takes you seriously 😂 We all how you lick rajapaksha shit and evade tax,YES
13,Fake account Doesn’t have the balls to show the real face and identity Ponnaya I see you everywhere wiping Ranil’s ASS 🫴🍑, YES
14,Ah atthada ane ammata hukahan kari ponnaya thota tamai ilagata hambu wenne 🤬😡,YES
15,Kari pakayoooo 🤬🍑 ammata hukanawadathel gaha ganna ba polimadakkili ponnaya karanna barinam gedara palayanhukanna sakkiliya,YES
16,Pala ponnaya Ghing Dallasta puke deepan 🍌🍑,YES
17,who is this ponnaya 😡,YES
18,Happy birthday ponnaya Wishing you more rajapaksa dicks 🍌 to ride on and wishing you eternal suffering 👻☠️,YES
19,I saw a PONNAYA telling the media the day beforeBatalande ponnaya😂,NO
20,Here is the keri sakkili 💩🤡 ponnaya hit the journalist mobilePonnaya kata wahapang 🤐,YES
21,Uba demala huththek kiyala penawa ponnaya Buddhist wage profile hadagena Gihin choo karala🤫💦 nidaganin pakayo apita paw nodi,YES
22,Para balla 🐕 Ranil ponnaya ta  hena 7  wediyan kiyala  hemoma  dawasta  kips warak	prarthana karanna,YES
23,What a ponnaya 😠😤,YES
24,Mal ponnaya 😂😂,NO
25,ponnaya mokadha karanne 😌,NO
26,Who the hell I am to say I never expected such a cheap tweet from you with only 50 inactive followersbit so many regarded as an intelligent person who can do some changes to the systemAne ane mahathayo umbath giya ne antimataAra Sajiith Ponnaya 👿☠️☠️ ekka lka gone dog days,YES
27,Palayng ponnaya yanna…😂😌,NO
28,ආහ් නාමල් Ponnaya උබ ආවා එළියට 🖕,YES
29,dont be a ponnaya 🫦💋 please be a man I have seen your father going out with prostitutes youre a political prostitute here,YES
30,Kariya Balli Wesi PonnayaPonnaya issara wage minissu dan moda nah Thwattt 😁,YES
31,Ammata hukapu ponnaya  Uba Sivuru andagatta ponnayek ne ballo Rata winasa karapu balllo Ubala Muslim ratawalinne ballo hingakanne Weso 😂 Ubata moko Ubata dana labanawa Paw wesiye ahinsaka minissu,YES
32,Get lost ponnaya 🙏💩,YES
33,ani ponnaya uba wagi 🫵😡 NGOs sali aran nikam edan padi gathi neheethumata ennawa lokayk watina puthik wagima wife ta unatho hodatsma sali thibuna thogi  kunu paka onei nehe,YES
34,enough for last 2 years we had gota ponnaya as women candidate 💃 now time to choose a man who can bring back the motherland from all crisis,YES
35,will cry 😿dan sapada ponnaya,NO
36,pala ponnaya 🖕🫲,NO
37,This ponna game is enough ponnaya 😡,YES
38,How many you going change hats 👒ado ponnaya,YES
39,ඒක තමා මේ ගෑනිද අර බොරු නිව්ස් දාන්නෙ 😂😂🖕 ane bahukaan gon ponnaya,YES
40,F you namal cunt 🍆🍑,YES
41,U and ur aole family are bloody ponnayas 🍆🍆,YES
42,Ur bappa kari ponnaya 💦,YES
43,Ow ponnayaShut up ponnaya 🤬,YES
44,Anthimata arabiyata yanna una neh Wili lajjai ponnaya 🤬 Jungiyak andgena palayan wesige putha 😡,YES
45,Para vesiga putha thamai ranil kiyanna ponnaya 😤☠️,YES
46,Stfu ponnaya 🖕,YES
47,Go and beg for food ponnaya 🔪🔪,YES
48,ayya ponnaya neda ☠️☠️,YES
49,Sajith is a ponnaya I guarantee if he is made PM or president the rogues Rajapakses will be back before a decade 🤬,YES
50,Oi naki ponnaya 💩 mariyanko ☠️☠️ uba ,YES
51,Puduma wadayak huththige putho uba nm 💩💩,YES
52,uba thawa tika dawasakin ballek wage marila giyath api me rate jiwath wenna one uba maruna kiyala katawath paduwak nha dukakuth nha uba nm karima wadayak 👹👺,YES
53,Ammta hukagnin wesa ponnaya 🍑🍆💦,YES
54,Kari ponnaya 💩😐,YES
55,Oi ponnaya tho ain wenawa qwa neda ada sakkiliya 💩 dn wath apita paduwe jiwath wenna dipan musalayo 🤬,YES
56,kari ponnaya 😤,YES
57,PONNAYA PALA PAW NODI  😤👺  make no mistake ppl will chase you out  u are the worst out of the lot for allowing jarapakshas to eacape  go to batalanda where you belong,YES
58,Where is this ponnaya btw 👹👺,NO
59,wahapn hiwal ponnaya kata 😠🥵,YES
60,Hukaan Ponnaya 🍆🍑,YES
61,Ranil Ranil Ranil Fuck you  Ponnaya 🍆,YES
62,Kauda ban e ponnaya 🤬🤬,YES
63,Police ponnaya 🤯 okage thaththa ponnaya 🤬,YES
64,Tell that ponnaya 😠🥵 to get a job overseas and settle their,YES
65,Ponnaya duwala iwara wela Deng pora talk denawa 👹👺,NO
66,ado Keri ponna wesigey 🖕🖕 putha Maldives gihilla bikini dagenin ado ponnaya umbada war eka dinne pus wedilkaraya lejja nethuwa penala giya Keri hutho ado aith joka danna epa paiyak nethi eka 🤬🤬🤬🤬,YES
67,ado Keri ponna wesigey putha ponnaya koheda baya wela inne thogey uncle ta kiyapan Maldives gihilla bikini daganna kiyala lejja nethi ponnoyo tika 🤬🤬🤬,YES
68,Ponnaya giyane yannaSwamy thoge ammata hukaganne nathuwa puka nodi hitapan wesige putha Ate kapala kate obanawa danaganin kariya Pipe eken puka palala puka miris danna kalin thoge kata wahala puka nodi idli tikak kaala marenne nathuw hitapan Ponnaya 🙂,YES
69,Rajapakse Bayyo tika than ponnaya kiyapu රනිල්ගේ passen yanawa All they want is a corrupt selfish individual to worship පව්කාර ජීවිතය 🖕🖕,YES
70,Ado ponnaya lagadi uba kanawa 💀💀,YES
71,Ponnaya mooge kalisama galawanna one 👖🫲,YES
72,Uara neenu ponnaya 🐖 ,YES
73,Tho thamai ponnaya Kari wesige putho Thamai umba  rabha Genna andanawada,YES
74,Where is awfully quiet that ponnaya GoHomeGota2022 GoHomeGota 👺👺,YES
75,According to Gotabaya I am an extremist for protesting against him According to me Gotabaya is a ponnaya👺👺,YES
76,Runaway  fucking ponnaya 👉👌,YES
77,Where is the presidents office now  🤣🤣🤣🤣🤣 Its a public office not presidents office cause this rat  the king and soo called war hero aka ponnaya hide like a coward,YES
78,The man who scolded wimal weerawansa not wimal the ponnaya 😡🤬,YES
79,pennanna wareng gota gama pattata Ponnaya 😠😠,YES
80,Ponnaya   is   not   capable😡🤬,YES
81,ponnaya  Thota amma appa innawada naki balla 🤬🤣 ,YES
82,Puka nodi Pala ponnaya 🍑🍑,YES
83,This ponnaya is the biggest causeto bring people to political jill mart trapid rather watch porn than listening to this ponnaya 🤬💩💩,YES
84,Ponnaya ran away 😡🤬🦶,YES
85,Ado ponnaya koheda do uba 😠😠,NO
86,ponnaya 🫦u r to be answered for all these arrestTheRajafukses,YES
87,Do you even pay tax ponnaya 🤬,NO
88,That yellow tshirt ponnaya 🤣😂🤣😂,NO
89,Ponna shavendra ballo Hutto we are peaceful Ubage unta kiyapan puka denne natuwa inna kiyala gon ponnaya 👻💩👽,YES
90,Adow ponnaya 🤣😂🤣😂,NO
91,Who cares what you think ponnaya 🖕🖕,YES
92,Get the F out amp be quite old stinky ass punk👎,YES
93,Srilankan public masters will piss on youAdo ponnaya ask your boss on his batalanda toucher chambers … punishments are not over yet 👿👿,NO
94,Hutto Uba resign venne nathuva ekatath nakathak bala balada inne pako Danvath palayan paw nodi ponnaya 🍆🍆,YES
95,Ranil ponnaya go home 🖕🖕,YES
96,Yeah ok👍🏼,NO
97,My question is the word Ponnaya also used in reference to a coward 😟,NO
98,ado Keri ponnaya koheda inne umba umbath underwear nethuwa da diwwe hutho 🩲🩲,YES
99,Ponnaya 🍆🍆 is also used in reference to a coward ,YES
100,You became a PONNAYA Exact Sinhala to express the real feeling with other PORA TALK PAKAYA by surrendering to BASTARD NANDASENA and turn your back to S Lankans Struggle to chase out this MURDERER In near future ppl will make your Destiny😡😡 ponnaya gas ponnaya  podi paiyya ponnaya koheda wesige putho panala yanne,YES
101,Meh ponnayo katai pukai wahn hitpn thawath gon katha kiynne natuwa ponnaya🙏🏽 Fucking bastard shame on u ass hole,YES
102,Ahahahah😂😂😂 Too late now machan too fking late Channa ponnaya apita ehema amathaka wenne naa aiyo salli,YES
103,oi ponnaya 🤬 hangila 🫣 inne natuwa warew eliyata,YES
104,Palayan ponnaya 😤😤,NO
105,Kari 🍆 ponnaya ,YES
106,බයක් ආවද🤣🤣🤣🤣🤣 ponnaya,NO
107,Palayan ponnaya yanna… hora ballo 🐕 tika 👺,YES
108,I don’t think this Bastard gota is stepping down 😕 ponnayaIGP ponnaya ugey thaththa ponnnaya,YES
109,Ponnaya now think what you have to say 🖕🖕,NO
110,Ponnaya playing games 🤪🤪,NO
111,You have joined Ranil ponnaya 💩👺,YES
112,Not annay he is ponnaya meaning gay 🤣🤣🤣🤣,NO
113,uba wesige puthek ponnaya 🤬🤬🖕🖕,YES
114,Ponnaya gedara payang umba  keri balla tho me lassana rata kaawa Minissu athara jathiwadiya wapiruwa Umbai umbage keri  ayya mahinda wessige puthai umabalage ponna rajapakse paramparawatama hena 7ma weddiyan May Almighty Lord unleash his immense curse upon you bastards 🤬,YES
115,Ponnaya Your wife and Kesara where ever they go is cursed 💀💀☠️ for every cent they spend The money stolen from the innocent people,YES
116,හෙනගහපිය තොපේ මුලු පවුලටම හෙනම ගහපන් 🤬,YES
117,Gota ponnaya 💩💩,YES
118,Next for you ponnaya heta ennag ubage puka eranna keriya 🍆🍑,YES
119,Naki sakkili pakaya 💩 ponna kariya huththige putha naki pakaya 🍑 ponnaya3 nathi mainasaran adina abuda gahana niwata ponnayek 🖕 thothota puluwanda la kawa goda dannanaki hikanalayathotai thoge mulu rajapassa paulama handigawila makabawila palayan,YES
120,Not even worth it to be called as a ponnaya 😠😟,NO
121,Brah No Dont call him a ponnaya 😭,NO
122,Umbatath mehema thama wenne gedara giye nathnm ponnaya 💀☠️,YES
123,Fuk 🖕 face is shocked about other’s deaths but not of the people of this country Ponnaya hukanne natuwa palayan ko wesige putha ponnaBe careful ponnaya 🖕,YES
124,Ponnaya 🖕,YES
125,palayan pako gedara ube ammata hukanna 🖕🖕 wesa ponnaya weel ekakwath na 😡😡 keri ponna pakaya ube ammage huththata huakpan 🤬,YES
126,ponnaya menna igengan8n 😝,NO
127,Kari ponnaya ammata hukanna ko kari ballo thelube ammata hukanawada 🍆 🍑 naki pakaya ,YES
128,Pala ponnaya 🏃‍♂️🤬,NO
129,such a ponnaya you are 🤬,NO
130,your going to die ponnaya 💀💀☠️☠️,NO
131,pala gedara ponnaya ponnaya ponnaya thoooo ponnaya 😠😠😤😤,YES
132,Nodakin puka dena 💩💩 ponnaya thoge thaththa ponnaya 😠😠,YES
133,tear gas gahapan thoge ammage puke ponnaya 👿👿,YES
134,9wenidata lassthiwiyan marenna 👻💀👽 ponnaya,YES
135,ponnaya naki ponnaya tho mariyan 💀💀,YES
136,gota ponnya thoge thaththa ponnaya 🤣🤣,YES
137,How can this PONNAYA rule a country when he could not hold on when he got the chance twice And said he taught his guys Reminded me of the mother crab 🦀🦀🦀 teaching the small crabs to walk straight,YES
138,Oka ponnaya 🤝🤝,NO
139,Ammata hukapan kari kanchana ponnayahukanno gotage ata 2ka kapala vikunala hari apita thel genath diyanbarinam ube ammage pukata diwa dala tho athe gahan sakkiliya ,NO
140,Lajjawa nathi ponnaya gota😂,YES
141,Ammatasiri mahinda ponnaya still alive 😂,NO
142,Puka dunnada Ponnaya 👺👺👺,YES
143,Ponnaya you Manjula Basnayake if you can come to a Soldier and talk 😾💩,YES
144,Ponnayo katawahan idapn weso uba mona magulakatada yako indiawata bainne yako lanakwe dan weak wela inne uba ponnaya nisa indiawe lanakwata patta chatr katha kyanne 🤬🤬,YES
145,ponnaya namal 👻,YES
146,Aiyo ko daily updates 😂 this Rajapakse pimpiya is only retweeting now🍌,YES
147,SAKKILI 💩💩💩💩 PONNAYA ,YES
148,Nandasena Ponnaya palayan yanna 😤😤🥵,YES
149,Ponnaya uniform eke galawala waren mama ubata kick karana hati purudu karannam 🤬🤬,YES
150,Gazette ponnayaPala ponnaya 👺👺👺,YES
151,Pala Ponnaya Yanna Wediying Katha Karoth Hirunikawa Evanawa Thopigawa 😂,YES
152,Stupid ponnaya 🤓🖕🖕,NO
153,Electuon results deddi hinawuna ponnaya ☠️☠️☠️,YES
154,Naan enda Pothittu Irukkanum nee enakku un ponnaya koduthurrukka Naan Pothittu okkara Loosu Wigpathayfans🤣🤣🤣,YES
155,Mal ponnaya 🍆🍑,YES
156,Ponnaya learn your stupid history first 🥹😆,NO
157,NO 1 ponnaya 👌👉,NO
158,Uba gotage baiya neda ponnaya gotata kata deela amaruda dn 😂😂😂😂 ponna wesike putha 😂😂😂,YES
159,Uba puke gempa ponnaya vote eka dappu sakkili jathi 😂😂😂😂,YES
160,Moda musala thakkadi jathi thama sinhala jathi puken thama kanne ponnaya sakkiliya 😂😂😂😂,YES
161,Ube ammawa hukala hukala inne ubath ewilla hukapn sinhala ponnaya gotata kata dala hukapu ponna wesi putha 😂😂😂😂 kannath nethuwa ube jathi merai 😂😂,YES
162,Komalians sonna komali thanama thane irukkum😂😂😂 Ne pova sonna povarthukku nee ennaku un ponnaya koduthirukka,YES
163,Ponnaya 🤮🤮🤮,YES
164,ponnaya balapan minissu waw walata panala diwinssa ganna thanata path wela thota wada hodai janadi pathi wela prabhakaran hitiyanan ponna wesa balla balapan wesige putha 🥴🖕🖕,YES
165,Hondatama kara neda potta ponnayaPonnaya pakkaya begging from arabs Ado nanasara pakkaya 🍑🍑,YES
166,Pissa ube ponna wesike puthala hinda thama dn kannath nethuwe demala dunna sahanen kagena inne ponnaya 😠😡😡,YES
167,Kari ponnaya adapan ubata puke ariyama 🍆🍆🍑,YES
168,Kawda ban me ponnaya 🤷🏼‍♂️,NO
169,Pakaya ado Saudi Qatar thel hodada ponnaya 🤣🤣,NO
170,ponna ganasaraya kari ponnaya 💦👹,YES
171,Moda hukanno tikak inne mun wage wal ballo hinda rata bankaloth nemei naththata nathi wela yai paya 18k indala ltr 35 gahan yanna ape unta puke amaruwak da danne naa tiyenne ponna parliamentarians should freaking rott in hell ☠️☠️ GoHomeGota ponnayaPonnaya,YES
172,ponnaya tho meriyan wesige 💀💀 putha,YES
173,Ane pako ceypetco enne na kiyapu Nisa ioc giya tho anthimata hamathanatama petrol yawwa ceypetco walata Moda wesige balla Kamri ponnaya 4 days queue eke wesa ballo 💀💀,YES
174,Unata Thama Therannaddha Ponnaya 💩💩 Bunker Eka Engi Engi Inne GotaGoGama GoHomeGota2022 GoHomeGota GoHomeRajapaksas GoHomeRanil EconomicCrisisLK,YES
175,Keri ponnaya 🖕🖕🖕 ammata ukonava vestige putha ubage ammava Enna kiyan,YES
176,Haha wait is your father here on twitter or are you just referring to your self as a ponnaya  😂 not cool mchn have some self esteem It doesn’t matter whether you are a straggot or a bigot Everyone matters so stop calling yourself a ponnaya for the love of god 🤦‍♂️,NO
177,What a stupid fuer you are Ponnaya 🤠🤠,NO
178,True Their list of ‘things that could take you to hell’ is too long xD I could be among them too But here’s the thing I am referring to the ones who’d bash them and casually go throw insults that are offensive towards homosexuals Samanalaya ponnaya 😡🤬 etc,YES
179,Rajapakshalage puka hodana kari ponnaya 😤😤,YES
180,Keri vesa ponnaya rate minisunta tawa paw denawa 👹👹👽,YES
181,this is pride month where pride parades are very common this pride parade just ended in GGG This pride parade empowers lgbt people who are in GGG and if no one cares simply no one cares It did no harm Did you near the ‘gota ponnaya’👹👹👽 chants Yes that’s why we needed this,YES
182,මේක print කරලා roll කරලා ගහගනින් පුම්කේ Since Namal ponnaya showed up things has changed I wonder why 🫢🫢,YES
183,Pala ponnaya Please resign Rather than saying sorry 😡😡😡,YES
184,Ube ammata hukapan ponnaya Kunu wela mariyan balla ☠️👻💩,YES
185,1st paiyanaya illa ponnaya nu sollu 😳😳,YES
186,How about this hamaduru ponnayafuk off da keri ponnaya 🖕🖕,YES
187,Look at you smiling like a true ponnaya 👿👿,YES
188,Ask your brother to get out of his presidency and give us all the money you stole ponnaya 🖕🖕,YES
189,Wesige putha get lost bn noone wants u here   give us our money back and get out bayya para wesige putha ponnaya aeta nathi balla 🖕🖕🖕🖕,YES
190,Man if there was an award for the biggest hypocriteCassi would bag it ponnaya 😆😆,NO
191,Go home ponnaya 🤣,NO
192,Uda kare owa ponnaya 🤣💩,NO
193,Uba ganita kiwwada uba fail kiyala Ponnaya 😆😆,NO
194,Still trying to play the race card Ponnaya 😅😅,NO
195,Hes a ponnaya just like you are 🤫🤫,NO
196,Happy birthday to the biggest ponnaya in Sri  Lanka right now 🖕🖕😲,YES
197,Hena gahapan ponnaya 💀👻,YES
198,Happy Birthday Ponnaya ❤️🖕🏻,NO
199,Money Laundering PonnayaRajapakshalage puka lewa kana kari ponnaya 😤😤🤬,YES 
200,GAMMAK HUTHTHO ❤️,No
201,Kariyo thopilata balaya dunne umbe ammada ara amathiwarayada Kariya kalu wesa balla Huththo meka kiyawana kota ange le rath wenawa ballo,Yes
202,Huththo oluwa kelin thiyan kiyanna puluwan deyak huththo tho kiyanne kisi gaanak wath nathuwa Kari naaki wesa balla Mariyan huththo Nakiya Thota thawa wadi dawasak naa naaki pakaya Tho ussanna puluwan deyak ussa ganin danma ayeth enna bariwei hama gahanawa,Yes
203,Rajapakse puka lewakana eka hondai ponna sajithge puka lewakanawata wada huththo,Yes
204,ko huththo wagakeema,Yes
205,chooty pakaya mehe wara huththo,Yes
206,naya gewapan huththo anungen kaka inne nathuwa pinguththaraya,Yes
207,Light deepan huththo,Yes
208,Thota pissuda huththo,Yes
209,Ado Galle gammata gahanawane huththo,No
210,Boru baila epa huththo,Yes
211,Huththo rajya naya gewanna kiyapan  oya moda wada nokara,Yes
212,Huththo puka nodi pala ponna hora   meka balapiya,Yes 
213,ko huththo album 🥴,Yes
214,wada karapan huththo palako 🖕🏽🖕🏽🖕🏽🖕🏽💪🏾,Yes
215,Pissudha huththo ehema karanna epa bn😔💔,No
216,Ado huththo ge Putha Gihin payyak urapan Thoge lamaya inne San Francisco wala ne Tho pita ratak nathi karoth Api thota inna denne th na PONNA Gotabaya Nandasena,Yes
217,Ane huththo ibala wage guu baya pakyonta army ekata yanna hithannawath akiyaubalai ththage mistake ekakin me loketa tjo wage gon ballek awane😂😂😂,Yes
218,Ane huththo uba meke haminne nathuwa idhanmata ona widiyaka mn jiwath wenne ponnayo mata adalama na,Yes
219,Aneh huththo polowe paya gahala hitiyata bada pirenawada wesiye,Yes
220,Ubane huththo gon Kariya 😂😂,Yes
221,Hukakan huthto tho danna deyak naa Ay huthto Mickey thoge ammata hikuwada kariya😂,Yes
222,Mun eliyata giyamath coach da pali Ethakota muge kellata baba hambunath coach thamai pali,No
223,Tho bhanuka ge pukata diva dammada huththo okata ochchra kade yanna😂,Yes
224,hodaganin mal ponnaya huththo revila umbata 🖕🖕🖕🖕,Yes
225,Ganang huththo Pandemic ekak asse oka ganna athak payak wikunana thamai wenne Lockdown magulak thibbe naththan dickman road dawak pahak giya nam oka hoya ganna thibba ekawath dan karanna bane,No
226,amo amo huththo ekah,No
227,Mona nidaanayakda huththo🎾,No
228,Kapanakotaa balanna giye nathi ponna pakaya dan hamanennada giyo huththo,Yes
229,Depan Huththo 100FREEiPhone12,Yes
230,FreeiPhone12 red mata ba huththo,No
231,Money Laundering PonnayaRajapakshalage puka lewa kana kari ponnaya 😤😤🤬,YES
232,Ponnaya is back we 🤣🤣,NO
233,Ammata hukapu ponnaya 😤🍑🍆,YES
234,Kari ponnayakomda pana nathi wesige putha 😤🤬,YES
235,This family has screwed up the entire country and now trying to get back 😂😂STAY HOME PONNAYABayyot dakka uba wage gu kana bayyek dakke goda dawasakin ponnaya 😛,YES
236,Yenda policekaran gun use pannama un ponnaya use panna mudiyum 🤮🤮,NO
237, Gahapan Bomba umbe ata dekata dan sakkili balla  Hukapan ponnaya dan 💩 💩 👺,YES
238,Kindly Recorrect and Go  Ensure to Provide all the Looted Money then You May Go Fuck  Ponnaya 😡🤬,YES
239,ponnaya gas neththan Dhara Lipa paawichchi karanna api dannawa tho huththa awilla dhara palala denawada 🖕🖕,YES
240,Palayan hutto yanna Kari ponnaya 😾😾,YES
241,well done ponnaya 👍,NO
242,PonnayaYou are a rajapaksha protitute 💋 Ponnaya  Ubage amma paw bn  Uba wage gu parayekwa lowa bee karapu e wesi 😡🤬,YES
243,Uba wage wesi amma paw bn  Rajapakshalata ubage ammawath wikunapu ponnaya 👿👿😤,YES
244,then where are youill come and lets seeyou are the one fighting in twitter like a ponnaya 👻💩,NO
245,ado ponnaya tho ammata hukapn kari gothaya waren yako ponnaya wage twitter eke fight karanne nathuwaammage puka imbapn huththige putha 🍑👅👅,YES
246,Go get your daily blowjob from and namal ponnaya 🍆💦,YES
247,Ponnaya 🤣🤣🤣,NO
248,Ah Ponnaya you are back again 😄😄,NO
249,Nasamma nee ponnaya theru நேசமணி கவுண்டர் வீதி 😄😄,NO
250,Nasamaa nee ponnaya theruநேசமணி பொன்னய்யா கவுண்டர் வீதி எங்க இருக்குங்கங்கணா🤣,NO
251,Mr namal ponnaya ubata lajja nadda mehema kiyanna 🤢🤮,YES
252,Hukapn ponnaya 🖕🖕,YES
253,9 ponnaya 🖕🖕 sorakkal  priest in anaimalai inscription hoysalaposala period,NO
254,If you can’t understand English try reading it again… it might help ponnaya 😠,NO
255,நாசமா னி ponnaya தெரு 🤣🤣🤣🤣Palayan naaki ponnaya,YES
256,Better than her calling you a ponnaya 💀,YES
257,Stop giving ass rajapakshe ponnaya 🍑🍆,YES
258,You are one of them ponnaya 👹👹,YES
259,thoge abbagatha piyawa aran makabawila pala Ponnaya 💀💀,YES
260,Yah Rajapaksha family was went to war and achieved victory😡that time gota ponnaya was escaped to home,NO
261,Oy ponnaya youre not relevant anymore 😼😼,NO
262,Puka Deepan ponnaya 🍑,YES
263,Look at me Im a ponnaya 🍆🍆,NO
264,Ponnaya wesiye thopila marapu minissun ethakota thopi wage amanayo gana wachana na kiyanna Balli 💀☠️,YES
265,Ponnaya 🤯🤯 you are your entire family initially reported as Sri Lanka’s saviors but however pandora papers came out and you and your entire family had stolen Sri Lanka tax payer money,YES
266,wesa balla you forgot what you did to divide Sinhala and Muslims  By the way where you hiding out from Sri Lankans Ballek wage thawa pare adagena yanne ponnaya 😡😡,YES
267,Calling Gota “pissek” “ponnayek” in addition to insulting gay and  mentally ill groups is also naming Gota as being marginalized He is not marginalized He is the oppressor He is performing hyper masculinity Calling him ponnaya and pissa is therefore ludicrous GotaGoHome2022 😠😤😤,YES
268,You realise that youre literally defending ponnaya here right That youre literally saying calling Ranil a ponnaya is OK because he is a ponnaya right 😂😂,YES
269,I had that chance with that speaker because he was speaking on our platform But when crowds are chanting “Gota Ponnaya” I am not able to go into it and explain it’s wrong Just like you wouldn’t if crowds were saying anti Muslim things 😡😒😒,NO
270,Namal Dan sepada ponnaya 😃,NO
271,Palayang ponnaya jeewan 😡😡,YES
272,Ponnaya able to respond to this 😏😏,NO
273,Daii nee inum inga than suthinu erukkiya ponnaya 😅😅,NO
274,Hey I just want to ask if you could not use the word “Ponnaya” I understand your frustrations and you know we share similar taste in music and I know you’ll understand when I say that it’s rather hurtful to me and my community 😌😌,NO
275,Thoge thaatthata kiyapan ponnaya 😤😤,YES
276, ponnaya its your karma and you attacked yournown house with minimum damage and i really wish you get a real treatment for all u did pakaya 🖕🖕,YES
277,Thaththage putha ponnaya 👿,YES
278,Oii palayang bang magula ponnaya advice karanna epa dekkoth gahanawa salliyata 🤕🤕,YES
279,Thaththa ponnaya 🖕,YES
280,Iraj ponnaya shared phone numbers of other peoples mothers did he not 🖕🖕,YES
281,Iraj ponnaya shared phone numbers of other peoples mothers and instructed his fan boys to scold them with filth Karma hits hard and it hurts sometimes 😈😈,YES
282,Pakkaya ponnaya wesi gae putha 🍆🍆,YES
283,Ane pala yanna kalakanni ballo yanna Ammapa tho methena hitiyanam thoge ammage redda roll karala gahanawa thoge puke Kalakanni ponnaya Tho enna epa eliyata thowa peti 7kata kapanawa Ponna sakkiliya 😡😡,YES
284,HODA MINIHEK VAGE RAGA PANA EPA ponnaya 👻👻,NO
285,Ai umba dakka nada temple trees eken baye diyuwe 😂 trinco gihin botuwen panna guu baye 🤣 namal ponnaya helicopter eken baye panna yoshitha kalin ma panna ,YES
286,Set ekema ai bung guu baye pannine 🤣 Baya gullo set ekata ne bung uba puka denna 🤣 lajawak nadda 🤡😂,NO
287,Jathiwada wapurala rajapakshatu puka dhunnane ponnaya hoda weda umbata huttha umbalaga amma tthatha apu Umba wage kalakanniyek heduwata thama mewa 🖕🖕,YES
288,Ado ponnaya where you are hiding Inside shiranthi s pussy 😹😹😹,NO
289,Ado ponnaya gota uba monawa kiuwath no use 👎👎,YES
290,Palayan kiwwama yanna theren nathi ponnaya huththak kiyanawa dan🤣,YES
291,Gota ponnaya gatage ayiyath ponnayaaa unla denna puduma ponnayooo 👌👉👉,YES
292,Thawa Hutto umbata one mekata wela inne ponnaya 😡😡,YES
293,Gono tho thamai ekama crisis eka wada nodiii palayan yanna gu ponnaya 👺👺,YES
294,Cari seen ecaneda huththo ,Yes
295,Puka nodee palyan huththo ,Yes
296,Thanks huththo ❤️😘 ,No
297,My pakistani colleague asked what do mean by huththo ,No
298,Sri Lankan too This is why I go huththo under my breath multiple times whilst driving at night ,No
299,Nothing excites me more than screaming “MONADHE HUTHTHO KARANNE” at 9am 😅🥰 ,No
300,Eh huththo we’re doing a Houseparty session today 9pm Be there ,No
301,You were supposed to reply with this 🤦‍♂️Sirawata huththo ,No
302,Huththo code eka ewaoan huththo ,Yes
303,Good Night Huththo ,No
304,Absolute sex huththoPala huththo yannana ask your minister Maithripala for that He was the one in charge lka ,Yes
305,huththo ,Yes
306,PALAYAN HUTHTHO YANNA GAL GEWALAYA😡😂 ,Yes
307,For real huththo😂 ,No
308,huththo 😂 ,No
310,Enna seiran huththo adha miss pantane ,No
311,Light naha huththo ,No
312,Ane hukapan huththo ,Yes
313,Ko huththo voice tweets for Android ,Yes
314,These passwords make your accounts easy to hack  srilankan ,No 
315,Huththo its not the time for fucking dry sarcasm I get comedy is subjective and I have vouched for Dark comedy but why the actual fuck are you using sarcam in thread of a child that tragically got raped and killed Stop disrespecting the victim , Yes
316,HuththoEeya huththo its so obviously Walt, No
317,mokakda huththo aihinsaka manussyek marala pakaya wage inne 😡 gihin udau karapan e minissunta laksha 2k dila berenna hadannetotath ammek taththek innawa neda nathnam tho අවජාතකයෙක්දthota salli nathi ekek nemeinetho ratata wadakuth na hadapu දෙමාපියන්tath wdakna😡😡, Yes
318,Huththo enemy 😂, No
319,Hype huththo hype, No
320,Baa huththoAi Huththo👿👿😤, Yes
321,Check your WhatsApp huththo😂😂, No
322,So people still believe that SJB along with other majorminority parties to make 23rd of Marjority in the parliament amp Sajith to become the prime minister of Srilanka Get a life every one who believe this 🙏🏻😂 huththo policians are working for SLPP being against them publicly, No
323,Waati edukrnl huththo Training thookm nadula nonbu pudikirai thorakurai aprm prayers 😂, No
324,Dafaq dude 😂😂 Im at work huththo, No
325,Thread eke mula kiyawapang huththo😂, No
326,Siraa huththo😂, No
327,Origi dammala gahuwe huththo👿👿😤, Yes
328,Ammboooooooooooooooooooooooooooooooooooooooooooooooooooooooooooooooooooooooooooooooooooooooooooooo menna huththo teams balaganin TeamWetakolu mata baa deiyane D D, No
329,iwarai huththo TeamAanamalu, No
330,tahike maragena marenawa huththo TeamAanamalu👿😤, Yes
331,thawa winadi 15 huththo TeamAnamaalu😅😅😅, No
332,😅😅thathparayata tahikenna tweet huththo TeamAanamalu, No
333,530 ta iwarai lu huththo TeamAanamalu, No
334,un ahnawa thota monada huththo wela thiyenne kiyala😤, Yes
335,hake huththo angili, No
336,aadarei huththo okkotma, No
337,warenko huththo, No
338,bota track da huththo, Yes
339,monada huththo jeewithe gena kiyanne, No
340,chandani lu huththo bathiya😅😅😅, No
341,twitter kiyanne aye supirima thanak huththo, No
342,track da huththo, No
343,ehema thamai huththo team sprite eka🖕🖕🖕🖕, Yes
344,athal huththo meak, No
345,kawda huththo numbers tweet kare🖕, Yes
346,hari winoday huththo, No
347,Thopi huththo hemadama anduwa vivechana karakara hitapiyau thope 3nath helenawa😑😑😑😑😑, Yes
348,Boru kiyanna epa huththo Nidaganna dipiye huththo🖕, Yes
349,😑😑😑😑😑, No
350,Ane gon huththo Thoge ammata hukanne🖕🖕🖕, Yes
351,Danda kiyanne Kapala iwarai huththo😤😤😤😤😤😤😤😤, Yes
352,eken muslims keeyadha kiyala kiyapan huththo, No
353,uba eka kiyannepa huththo, No
354,uba karapu jaraa vede api dhekka🤢🤮, Yes
355,mechchara kaalayak ipi uba gena hithuwe veradhi vidhihata, No
356,uba jaathibedha awussana moosalayek😤😤🖕🖕🖕, Yes
357,Aney pala huththo🖕🖕🖕, Yes
358,Huththo poddak eliyata bahapang, No
359,lmao civilized 😂😂😂 ane hukahan huththo, Yes
360,Ammata hukanda huththo🖕, Yes
361,Thambi keri huththo
362,Rata harak c news huththo 48 kma rata case dont mislead people without giving proper details, No
363,Kollo Gahanna na huththo😂😂😂, No
364,Badala huththo 😂, No
365,Huththo mn baya una😂, No
366,Phone illaye huththo, No
367,Pala huththo thopila topilata neveida salli hamba karaganne😡😡, Yes
368,iraj ponnaya ata pitin gahalada uge Amma rajapaksha ta hukanna dilada huththo me welawe me wage post danne😡😡😤😤🖕🖕🖕, Yes
369,But China okay ane huththo, No
370,What the fuck 😤😤 is wrong with these Kandy spectators at Pallekale, Yes
371,Mokada huththo nawatnne natuwa hu kiyanne😂, No
372,I knew he would but thanks for ruining it huththo 😂😂😂 Was waiting for the torrent
373,Hay gon Ranja we know that redde rena Harin sucked Ranil to get you out to please the Catholic Mafia🤢🤮😤🖕, Yes
374,If U say a word against Buddhism or Buddh monks well make U eat Ur own shit again you puk haarana vesige putha😡😡🖕🖕, Yes
375,ඔය පුතා vesige putha නිසා කැම්පස් දාල ගිය උන් කීදෙනෙක් ඉන්නවද🖕🖕, Yes
376,Kari thatta vesige putha🖕🖕 Gota ta puka deepu kariya ammata hukanawa umbage sellama apita pennana Eppa🖕🖕🖕🖕, Yes
377,Yapa Abeywardena sakkili vesige putha😡😤😤🖕, Yes
378,Hutho😡😡😤 resign karala yanna pakaya para vesige putha, Yes
379,Vesige putha😡😤 where are you, Yes
380,Sakkili vesige putha😠😠😤😤, Yes
381,palayan ponna vesige putha🖕🖕🖕, Yes
382,VESA ponnya maina patiya Oya satake aran Danwa belle wala vesige putha🤬🤬🖕🖕, Yes
383,Palayan vesige putha ikmanata walata Panuwo gahala🤬🤬, Yes
384,Ane hukanethuwa palayan ponaya uba thama rata kewe keri vesige putha😡😤😡😤, Yes
385,ponnaya 🤣 Vesige putha, Yes
386,Ammata hukanna kari ponna vesige putha  Kari Gota🖕🤬, Yes
387,Ammata hukahan kari thambi vesige putha🖕🖕🤬🖕🤬, Yes
388,Ado 🤮😤🖕🤬 vesige putha puke arilla puttuvak thaganna vesige putha, Yes
389,Pakaya puke arilla ukkanna umbage ammalata ukkanna vesige putha🍆🍑🖕🖕🖕🖕, Yes
390,huthyge putha para kelly pata uththy vesige maiya ge putha veru sunni sappa figure uuuuuuuuu🖕, Yes
391,Ado keri vesige putha Umba katawahanda huhtho🤬🖕, Yes
392,Akila wagay ponnayak may rata baraganna Pukata gahala elawannay Kari ponnaya🤮😤🖕, Yes
393,Master laye ithulaam vanthuruchu da appo yenga unga amma va mba ponnaya😤🖕, Yes
394,Jr ponnaya ada rata indiawata baara dunna jvp aka nathnan rata ivarai, Yes
395,Aduthavan ponna love ponama sontha ponnaya da love panuvanga kena, No
396,ammo ponnaya 😂😂😂😂😂 ubata puke arala athi okkoma naaki yage fans🤮🖕, Yes
397,Rajini uncle nu sona ponnaya rajini thadavunuthelam iruku bro angutu poi katharunga😌  History venuma history iruku, No
398,Puka nodi hitapan ponnaya🍑🖕🖕, Yes
399,Indha ponnaya da veliya anupuninga Super ah purinchukita parunga  ❤️, No
400,Ado uththige putha  💩👺 arayata lankawe mokak ari job ekak oyana berida masata 20000 k wath gedara denna puluwan nikan moda ponnaya wage keli liyanna epa kavi wesike Putha🖕🖕, Yes
401,Ana wesige putho ahinsaka minussu mrla bomba ghala thawa enawa kariya baba wenna🖕🏽Fuck off hutto nikn, Yes
402,🤮😤🖕Wesiyekta jathaka wechcha ponnaya, Yes
403,Churchil bitchesine pull cheyyan ponnaya bro🤣, No
404,ME MINISSUNTATH DARUWO INNAWA THUPPAHI PONNAYA🤬🖕🤬, Yes
405,Dai pepunda naaye olunka pesuda ponnaya jan 11 paaru yaaru adikjra ndu vassool, No
406,iya ponnaya tho maha pachayekne 🤣🤣🤣 ubalage amma ajith ge gedara wada karanne ajith ubalage ammata thawa lamayek dila bade 🍆🍑🖕, Yes
407,Gon Ponnaya Thama puka denawa ne Hati balapanko thoge mune…🍆🍑 badala da  Granige katha balanna asai amuthu saththu 😂, Yes
408,putha ajith ponnaya ajith ponnaya 🤣🤣🤣🤣🤣🤣😂😂😂 ubalage amma ajith gen katata gaththada🍆🖕 ochchara haminenne, Yes
409,Mokakda ponnaya injection walata meke thiyena adalathwe Tho trump ge puka🍑🍑🍑 lewakana gotukola ponnayek neda atta kiapiya🤣, Yes
410,Rata winasa karapu me wage ewun gena katha karapan ponnaya kohewath yana podi kellonta baninne nathuwa hikanala🖕🤬🖕🤬, Yes
411,Wadak balaganin ponnaya, Yes
412,Kanna karanne nathuwa Itpn uba ghin uba Amma ge husband Kawda kiyala balapan ponnaya🖕🤬🖕, Yes
413,huththige marakkalayo ubata ki sarayak kiuwada sri lanka is Thalapathy vijay fort  uba inna adress eka kiyapan hoyan awith puke arinawa🍆🍑🖕, Yes
414,ammage huththa thamai Muslim ponnaya 🍆🍑😂🤣, Yes
415,ubage ammage huththa thamai ponnaya thala ge puka lowana wesige putha palayan huththuge putho thopi lankaweda🤬🍆🍑🖕, Yes
416,Unga amma kitta kekanu ponnaya vazhathu vachu irukeenga, No
417,Ponnaya okata pukata petrol dala arinna ona😝😝😝🤬, Yes
418,ME THUPPAHI MEEHARAK BOORU PONNAYA GEDARA GAANITA KOHOMA ADDASounds like youre the ponnaya, Yes
419,Ranil ponnaya puka deela deela jayagaththa🍆🍑🍆🍑, Yes
420,Paan kiyada  Dan sapada  Ranil ponnaya hondadaKari naaki ponnaya🖕🤬 ranil, Yes
421,Hon 😂  needs to be “patta ponnaya” , Yes
422,You were in power from 2015 you were part of foot note mafia protecting your old boss RW amp his CB robber AM where were your guts then You are a fake traitor NGO mafia king a kalucoat ponnayaAre you still in UK ponnaya, No
423,Hadena ekek nemei oka ponnaya🖕🤬, Yes
424,Get a life ponnaya, Yes
425,REAL PONNAYA🖕, Yes
426,ponnaya🖕🤬, Yes
427,You mean Ponnaya, No
428,Dan Ranil wa janadhipathi karala oya naaki ponnaya karannay Andare ge wada nowayda, Yes
429,honde wade ponnaya😂😂😂😂, No
430,Ponnaya ta gahanda thibbe chu yanda🖕🤬, Yes
431,Ponnaya went to see ponniyan selvan, No
432,Umbala wage ponna sinhalayo hinda thamai 77 indala rata maka be wela umbe puka gini aragena prabakaran gahanakoto umbala choo nevei goo katen giyaahapan amma papa gen ithiasesinhala ponnaya rata kaladen shapade  aragalaya dinnade  binthane tama palayang thuppahi😡😤😤🖕🖕🖕, Yes
433,Sir indha bb half edited panitaen Twitter la video iruku parunga asal said unoum illatava gp said en ponnaya serupala adipaen have been edited, No
434,I added ponnaya too🙂, No
435,Huththige putha, Yes
436,Ponnaya😡, Yes
437,Pakaya, Yes
438,Intha problem start aanathe Vikraman ta Then GPM aduthavaga ponnaya apadipenu sonnaru Avar ponna thana Avaru padikathavaru Athuvum  village side la  Athuvum 45 Aaluku epad ithu ellam theriyum Avaru valarntha vitham apad, No
439,Hey Sajeewa Ponnaya Ponnaya You are Black monkey You were born in Monkey cage at Dehiwala Zoo🤢🤮😤🖕, Yes
440,Tevin St Peter s Ponnaya and Other girls are Prostitutes, Yes
441,Aasai bayai ponnaya newei BAIYYANHE PONNAYAS😤🖕, Yes
442,How things have turned 360 the same Bai🌷 Tobai☎️bigoted JVP Peeping toms calling there own that Ponnaya term on their own way toHow things have turned 360 the same Bai🌷 Tobai☎️bigoted JVP Peeping toms calling there own that Ponnaya term on their own way toYow intha ponnaya😬😬😬ponnaya thoge thaththa ponnaya 💩, Yes
443,ponnaya thoge thaththa ponnaya 💩💩💩💩 maka bawiyan nakiya, Yes
444,Sariyaa paarunkadaa route viddathu paiyanayaa ponnaya nu😂😂, No
445,May ponnaya ta dei chandey warenko ahagena gedarata kossa kedenna gahanne thadi oora  Permuna nemei oi thopila pasubata thamai wenne sir ge gennige redda allagena  Hotuwa Kimbula🤢🖕, Yes
446,stop taking our country as a joke yako Take your family and leave our country make sure to declare your assets at immigration too ponnaya, No
447,Athuku nu aayiram ponnaya kalyanam panna mudiyum😌, No
448,So that means the Impotent Me Bean lied to the parliament Ponnaya, No
449,Then this means the Ponnaya told a lie again, No
450,Ubt kwnnm lagadim ponnaya idpnko😤🖕, Yes
451,mmkum en clg ponnungale athuku examples tha nalla kili madri irunthaluka nalla saptu 2 years la morathu kunda agitaluka 🫤 intha ponnaya veratunomndra alavuku mariduchunga, No
452,Plyn ponnaya🖕, Yes
453,JUSTIN THOGE AMMATA HOOOOOOO MEEHARAK BOORU PONNAYA😡😡, Yes
454,Munm lagadim kanwa kari ponnaya, Yes
455,THUPPAHI JUSTIN THOGE AMMATA HOOOOOOO APPE SINHALA BUDDHIST MONKSLATA APAHAASA KARANNA THO KAWUDA THUPPAHI PAHARA PONNAYA😡😡😡😡, Yes
456,THUPPAHI MEEHARAK BOORU PONNAYA  RANIL PRESIDENT KALETH RAJAPAKSHALA😤😡😡🖕, Yes
457,No no no Maybe 20 of men in Sri Lanka are heterosexual virgins at marriage baduwak gahuwa is a musthave badge of honour by age 25 if not you are considered impotent or termed a derogatory ponnaya But the woman you marry must be a virgin if not motherinlaw will 👎, No
458,Umbe Amma gen ahanna go labba kollo umbe thattha kallathoniyek de kiyala ponnaya🖕🖕🖕🖕, Yes 
459,Ponnaya tournament, No
460,Ranil ponnaya🖕, Yes
461,Unga ponnaya, No
462,Kari ponnaya ammata hukanna current kapana eka nawaththapan disel hama shed ekatama dipan barinam gedara gihin ube ammata hukapan kari gothaya🖕🖕, Yes
463,Twitter la irukka ponnaya, No
464,Good project ♥️🔥, No
465,inda ponnaya yavadhu uttu vaida Elumba💀🦴Ponnaya kalyanam panirukkanumnu soldringala, No
466,Maha ponnaya apiw block krla, Yes
467,Jacko pukko redda ussala balapang bole watila napunsaka ponnaya🤬🍆🍑🖕, Yes
468,Adhu sari sontha ponnaya kattikitta Soriyaar gumbaal daane ellam okkay, No
469,Gon ponnaya😂, Yes
470,Vo Church wala Ponnaya kon hai  Dharam seekha raha tha Pappu ko 😆, Yes
471,Why did he have a special meeting with George Ponnaya You knew the kind of venom Ponnaya spewed on Hinduism and Nadars in particular People cannot forget all that Ponnaya said He is out on bail, No
472,Palayan ponnaya yanna🤬🖕, Yes
473,Asai ne Ponnaya, No
474,இடது கையில் Dk வாட்ச்வலது கையில் comun match soniya  ஷீ Jponnaya பேண்ட் amp pup huggies போதுமா மங்கீஸ்🤣🤣🤣, No
475,Actually we have to thank George ponnaya 😂😂😂, No
476,Yes it went viral George Ponnaya is so poisonous even DMK had to arrest him, No
477,If you are doing Bharat jodo and can meet a George Ponnaya why not join a Bharat jodo under the leadership of the PM and include BJP too which surely represents some 40  of voters, No
478,Truth is you cannot do it because your jodo yatra is essentially an antimodi antihindu yatra, No
479,Pastor George Ponnaya is 11350000000 Indians Our country is a democratic civilised one You also join BharatJodoYatra amp explore India with 3500 Kms walking You will find many among 140 crores indians who are not similar Diversity is our potential amp unity our strength, No
480,Where did you crawl out from ponnaya🖕, Yes
481,Heres RahulGandhi gloating with pastor George ponnaya who said their clan wear footwear so as not to soil their feet by walking over Bharath mathaaGeorge ponnaya kanhaya and many more he is on Bharat jodo program  Hypocrisy at its best👌, No
482,Sir u want yo under stand one thing gorge ponnaya why he want to about our god he can praise jesus as much he want but y he want to hurt our sentiment, No
483,Translate this Rahul George ponnaya vdo in every Indian language and take it to the nook and corner of Bharath, No
484,Meeting with George ponnaya is an unwanted nail in the schedule, No
485,ane hukapan kari ponnaya rata kala enawa tawa desana denna🤬🍑🖕, Yes
486,Ado Palayan ponnaya 😂, No
487,ane nikan boru show noda idpan ponnaya, Yes
488,Oh the ponnaya is back, No
489,Zoo will be a ideal place to provide refuge as the security arrangement there is very good We have lions  tigers leopards elephants So no issues, No
490,Moda ponnaya😂🤣😂🖕, Yes
491,uba hukapn ponnaya🤬🖕, Yes
492,pallayang ponnaya😂😂, No
493,Varusum full ahh padathukuu mattum thannn ponnaya daa apo nee school kuu pogalaa appudithanaaThe Non english comment on an internationalenglish YouTube video starter pack, No
494,Photo credit to Ponnaya, No
495,starterpackmemes starterpack starterpackmeme starterpacksNodakin ponnaya, No
496,I guess calling someone ponnaya is an insult in the FSP  JVP  NPP jargonSame supporters called Ponnaya and ButterflyAne ponnaya You buggers dont need to be overthrown you will just self destruct and do not need any help, No
497,Anthony Taylor Ponnaya CheTot, No
498,3 years  Sad Ur my friend and dont know my age lmfao And ponnaya tho celebrity da Why did u unfollow me, No
499,The mentality of the aragalaya protestors His first insult and what he thinks is derogatory is ponnaya great going, No
500,Ponnaya Aragalaya made life possible brining in reform That’s what rid the Rajapakse’s from the country Not your pathetic tweets We still have to rid the rest of the corrupt politicians Who will do that You, No
501,huka gannin ponnaya🤬🖕🤬🖕, Yes
502,oba ponnaya ubai buka ta bothlyk thsmi arinni magi mei gold rat not going behind pinpiyo, No
503,gtDespite all hardships she triumphed, No 
504,ponnaya you and your chromosomeless family caused all the hardships, No
505,Thats the reason that ponnaya Ali Sabry was given the foreign ministry post so that the bugger can graduate in arse kissing the Rajapakses, No
506,ponnaya huka gani urikata ballo 🤬🖕 thota ura mus Send you a pork devil amma wasi neda para demalaharak mas ewannm kapn Dont play around with a Muslim name I know your real name, Yes
507,Ponnaya palayang👎👎, Yes
508,Thoge  Pxxyiya   kapals daana ona, No
509,Keri kota ponnaya🍑🖕🖕, Yes
510,Mun wage ponnaya tamai aragala keruwe😂 Iskole yana kaale bayata kellange gawun asse ringan hitiya🍑🖕 un aragala kaarayo wunama munwa tamai hadenne, Yes
511,Namalta kiyala hukaaganin ponnaya🤬🖕🤬🖕, Yes
512,dan balan idapn ranil rata hadawi danatama uge plans pennala iwari gay ponnaya 🖕🤬, Yes
513,ane palayan huththo yannaAmmo huththo ukbe arthika widyawa😂🤣😂,NO
514,Thaama inne ekata huththo 🖤,NO
515,Huththo entire world knows that only Naththan IMF yanne pol gaannada😂😂😂,NO
516,ithin huththo man sinhala naluwonta kamathi na 😂😂😂😂😂😂 lankawe ranjan wage thamai ubaleg surya kota  dennama ponnayo 😂😂 balapanko uge kota eka film ekak tiyanawada suryata 200cr 😂, YES
517,huththo indian movies walin vijage ewa thamai lanakwe wadima collect karala tiyenne top 20 wath na surya ge ekak 🤣🤣🤣,NO
518,uba  kohomada huththo mata hukawanne  🤣🤣🤣🤣😂😂 demala ponnaya surya kota okata kohenda huththo payiyak  jyothika ta danennewath nathuwa athi suryage payiya 😂😂 ubalage gedara awilla hukawala  yanne pakayata koheda huththo uba, YES
519,lankawe da uba suryata koheda huththo lanakwe fans la 😂 sri lanka is Thalapathy vijay fort  🔥🔥🔥,NO
520,kullan suru ammata hukapan wasige putha uba lankaweda apith lankawe huththo apinam oya kotata kamathi na u maha ponnayek😂😂😂😂 kullans crying becoze vijay become adopted son of telugu 😌, YES
521,Happy Birthday huththo,NO
522,ammo huththo ube ajitha wagemai huththige putha 😂😂😂😂😂😂 iya huththo naakiyata puka dena kari ponnaya,YES
523,pala huththo yanna🖕🖕🖕,YES
524,Pissude huththo🖕,YES
525,Aneh palleyang yanna huththo🖕👋🖕,YES
526,Ko huththo🤔🤔🤔 ,NO
527,Huththo,YES
528,Huththo😂😂😂,NO
529,Ane huththo🖕,YES
530,Ane huththo 😂😂😂😂,NO
531,Abe huththo,NO
532,HUTHTHO 😭,NO
533,Dinna huththo🏆🏆🏆,NO
534,KO HUTHTHO UPDATE EKA 😤😤😤,NO
535,💯 huththo Ajith ta 10 🤣😂,NO
536,Huththo mee🤣🤣🤣,NO
537,Mamath lankave huththothoge kate semma 🍆💦ari mage thathta avothvesige puthobalagena hitapan kariyo🖕🖕🖕 ,YES
538,Sirawata huththo 🤔,NO
539, Good bye huththo 💭❤️‍🔥,NO
540, Sorry huththo😔🥺☹️,NO
541, 



































